Workbook
Name Print_Titles: 'BOM PCB'!$1:$6

Sheet Tổng quan
A1: Số bo PCB cần làm | B1: 1 | C1: Hao hụt mặc định | D1: 0
A2: Footprint trên PCB | C2: =COUNTA('Chi tiết PCB'!A7:A38) -> 32
A3: Linh kiện theo PCB / bo | C3: =SUM('BOM PCB'!G7:G15) -> 28
A4: Số nhóm linh kiện | C4: =COUNTA('BOM PCB'!B7:B15) -> 9
A5: Lỗ M3 (không phải linh kiện mua) | C5: =COUNTIF('Chi tiết PCB'!I7:I38,"Không") -> 4
A6: Dòng BOM PCB chưa nhập đơn giá | C6: =COUNTBLANK('BOM PCB'!L7:L15) -> 9
A7: Dòng vật tư thêm bắt buộc chưa có giá | C7: =COUNTIFS('Vật tư thêm'!G7:G13,"Có",'Vật tư thêm'!I7:I13,"") -> 1
A8: Dự toán chi phí linh kiện / toàn bộ PCB | C8: =IF(COUNTBLANK('BOM PCB'!L7:L15)>0,"CHƯA ĐỦ GIÁ",SUM('BOM PCB'!M7:M15)) -> CHƯA ĐỦ GIÁ
A9: Dự toán đầy đủ (PCB + vật tư có chọn mua) | C9: =IF(OR(COUNTBLANK('BOM PCB'!L7:L15)>0,COUNTIFS('Vật tư thêm'!G7:G13,"Có",'Vật tư thêm'!I7:I13,"")>0),"CHƯA ĐỦ GIÁ",SUM('BOM PCB'!M7:M15,'Vật tư thêm'!J7:J13)) -> CHƯA ĐỦ GIÁ
A10: Phạm vi
A11: BOM_PCB: 9 nhóm / 28 vị trí linh kiện đúng theo 2 file KiCad.
A12: VAT_TU_THEM: module nRF52840, đặt gia công PCB, cọc/chân header và bộ vít nếu sử dụng.
A13: CHI_TIET_PCB: đối chiếu đủ 32 footprint, gồm 4 lỗ M3 chỉ thuộc PCB.
A14: Các ô chữ xanh là ô được phép điền: số PCB, hao hụt, giá, mã SKU, nhà bán và tùy chọn mua.
A15: Nhập đơn giá thực tế (VND) trong BOM_PCB và VAT_TU_THEM để tính chi phí; không tự đặt giá tham khảo.
A16: Chỉ mua pin CR2032-HFN có chân hàn đúng footprint, trừ khi đổi thiết kế BT1.

Sheet BOM PCB
A1: BOM LINH KIỆN GẮN TRÊN PCB
A3: 28 vị trí linh kiện điện tử, 9 nhóm vật tư. Giá trị & footprint theo project, giá/SKU là ô nhập tay.
A6: STT | B6: Reference | C6: Tên linh kiện | D6: Giá trị / model | E6: Footprint trong PCB | F6: Mặt PCB | G6: SL / 1 bo | H6: Số bo | I6: Dự phòng % | J6: SL cần mua | K6: ĐVT | L6: Đơn giá (VND) | M6: Thành tiền (VND) | N6: Mã đặt hàng / MPN | O6: Nhà cung cấp | P6: URL sản phẩm | Q6: Trạng thái | R6: Ghi chú / điều cần xác nhận
A7: 1 | B7: R1, R2, R3, R4, R5 | C7: Điện trở chân cắm | D7: 10 kΩ | E7: Resistor_THT:R_Axial_DIN0207_L6.3mm_D2.5mm_P7.62mm_Horizontal | F7: Mặt trước (F.Cu) | G7: 5 | H7: ='Tổng quan'!$B$1 -> 1 | I7: ='Tổng quan'!$D$1 -> 0 | J7: =ROUNDUP(G7*H7*(1+I7),0) -> 5 | K7: cái | M7: =IF(L7="","",J7*L7) | Q7: CHƯA CÓ SKU | R7: 1/4W thông dụng; thân gần 6,3×2,5 mm; bước chân 7,62 mm. Dung sai và hãng chưa được chỉ định. Cần chốt dung sai/nhà cung cấp.
A8: 2 | B8: R6, R7, R8 | C8: Điện trở hạn dòng LED | D8: 330 Ω | E8: Resistor_THT:R_Axial_DIN0207_L6.3mm_D2.5mm_P7.62mm_Horizontal | F8: Mặt trước (F.Cu) | G8: 3 | H8: ='Tổng quan'!$B$1 -> 1 | I8: ='Tổng quan'!$D$1 -> 0 | J8: =ROUNDUP(G8*H8*(1+I8),0) -> 3 | K8: cái | M8: =IF(L8="","",J8*L8) | Q8: CHƯA CÓ SKU | R8: 1/4W thông dụng; thân gần 6,3×2,5 mm; bước chân 7,62 mm. Kiểm tra dòng LED theo màu/điện áp thực tế.
A9: 3 | B9: C1, C2 | C9: Tụ phân cực chân cắm | D9: 10 µF | E9: Capacitor_THT:CP_Radial_D4.0mm_P2.00mm | F9: Mặt trước (F.Cu) | G9: 2 | H9: ='Tổng quan'!$B$1 -> 1 | I9: ='Tổng quan'!$D$1 -> 0 | J9: =ROUNDUP(G9*H9*(1+I9),0) -> 2 | K9: cái | M9: =IF(L9="","",J9*L9) | Q9: CẦN XÁC NHẬN | R9: D4,0 mm, P2,0 mm; điện áp định mức/chều cao chưa xác định trong schematic. Ưu tiên điện áp định mức phù hợp và kiểm tra cực tính.
A10: 4 | B10: C3, C4, C5, C6, C7 | C10: Tụ phân cực chân cắm | D10: 1 µF | E10: Capacitor_THT:CP_Radial_D5.0mm_P2.00mm | F10: Mặt trước (F.Cu) | G10: 5 | H10: ='Tổng quan'!$B$1 -> 1 | I10: ='Tổng quan'!$D$1 -> 0 | J10: =ROUNDUP(G10*H10*(1+I10),0) -> 5 | K10: cái | M10: =IF(L10="","",J10*L10) | Q10: CẦN XÁC NHẬN | R10: D5,0 mm, P2,0 mm; điện áp định mức/chều cao chưa xác định trong schematic. Tụ phân cực trong mạch nút nhấn: phải kiểm tra điện áp hai đầu và chiều lắp.
A11: 5 | B11: D1, D2, D3 | C11: LED chân cắm 5 mm | D11: LED D5.0 | E11: LED_THT:LED_D5.0mm | F11: Mặt trước (F.Cu) | G11: 3 | H11: ='Tổng quan'!$B$1 -> 1 | I11: ='Tổng quan'!$D$1 -> 0 | J11: =ROUNDUP(G11*H11*(1+I11),0) -> 3 | K11: cái | M11: =IF(L11="","",J11*L11) | Q11: CẦN XÁC NHẬN | R11: Màu sắc, Vf, If và mã linh kiện chưa được khai báo. Chốt màu LED và hướng A/K theo ký hiệu PCB.
A12: 6 | B12: SW1, SW2, SW3, SW4, SW5, SW7 | C12: Nút nhấn THT 6×6 mm | D12: Tactile, H4.3 | E12: Button_Switch_THT:SW_PUSH_6mm_H4.3mm | F12: Mặt trước (F.Cu) | G12: 6 | H12: ='Tổng quan'!$B$1 -> 1 | I12: ='Tổng quan'!$D$1 -> 0 | J12: =ROUNDUP(G12*H12*(1+I12),0) -> 6 | K12: cái | M12: =IF(L12="","",J12*L12) | Q12: CẦN XÁC NHẬN | R12: Nút nhấn 4 chân, chiều cao 4,3 mm theo tên footprint; xác nhận vị trí 4 chân. SW1-4: A-D; SW5: SUBMIT; SW7: RESET.
A13: 7 | B13: SW6 | C13: Công tắc gạt SPDT | D13: SS12D10 | E13: SW_SS12D10_SPDT:SS12D10_SPDT_v1 | F13: Mặt trước (F.Cu) | G13: 1 | H13: ='Tổng quan'!$B$1 -> 1 | I13: ='Tổng quan'!$D$1 -> 0 | J13: =ROUNDUP(G13*H13*(1+I13),0) -> 1 | K13: cái | M13: =IF(L13="","",J13*L13) | Q13: CẦN XÁC NHẬN | R13: Footprint tùy biến v1; 3 chân tại x=-4,7 / 0 / +4,7 mm. BẮT BUỘC đo chân switch thực mua khớp footprint tùy biến.
A14: 8 | B14: J1, J2 | C14: Socket cái thẳng 1×13 | D14: 2.54 mm, 13P | E14: Connector_PinSocket_2.54mm:PinSocket_1x13_P2.54mm_Vertical | F14: Mặt sau (B.Cu) | G14: 2 | H14: ='Tổng quan'!$B$1 -> 1 | I14: ='Tổng quan'!$D$1 -> 0 | J14: =ROUNDUP(G14*H14*(1+I14),0) -> 2 | K14: cái | M14: =IF(L14="","",J14*L14) | Q14: CẦN XÁC NHẬN | R14: Loại xuyên lỗ chân thẳng, 13 chân/hàng; cả hai đang ở B.Cu (mặt dưới). Kiểm tra module nRF52840 2×13 và hướng cắm; mua 2 thanh 13P.
A15: 9 | B15: BT1 | C15: Pin CR2032 có chân hàn | D15: CR2032-HFN | E15: Battery:Battery_Panasonic_CR2032-HFN_Horizontal_CircularHoles | F15: Mặt trước (F.Cu) | G15: 1 | H15: ='Tổng quan'!$B$1 -> 1 | I15: ='Tổng quan'!$D$1 -> 0 | J15: =ROUNDUP(G15*H15*(1+I15),0) -> 1 | K15: cái | M15: =IF(L15="","",J15*L15) | Q15: CẦN XÁC NHẬN | R15: Footprint Panasonic CR2032-HFN nằm ngang, kiểu pin hàn trực tiếp (không phải đế pin tháo rời). Pin sơ cấp 3 V: KHÔNG sạc. Nếu muốn dùng đế pin thì phải sửa footprint PCB.
C17: TỔNG LINH KIỆN GẮN PCB | G17: =SUM(G7:G15) -> 28 | J17: =SUM(J7:J15) -> 28 | M17: =SUM(M7:M15) -> 0

Sheet Vật tư thêm
A1: VẬT TƯ BỔ SUNG & PHỤ KIỆN LẮP RÁP
A3: Không phải tất cả đều xuất hiện trong Schematic. Cột MUA? cho phép chỉ tính vật tư thật sự cần.
A6: STT | B6: Loại | C6: Tên vật tư | D6: Thông số cần mua / chọn | E6: SL / 1 bo | F6: Số bo | G6: MUA? | H6: SL cần mua | I6: Đơn giá (VND) | J6: Thành tiền (VND) | K6: Nhà cung cấp | L6: URL sản phẩm | M6: Ghi chú mua hàng
A7: 2 | B7: Bắt buộc | C7: Bo mạch PCB gia công | D7: FR-4 2 lớp, dày 1,6 mm; theo Gerber cuối cùng | E7: 1 | F7: ='Tổng quan'!$B$1 -> 1 | G7: Có | H7: =IF(G7="Có",E7*F7,0) -> 1 | J7: =IF(OR(G7<>"Có",I7=""),"",H7*I7) | M7: Chi phí sản xuất PCB, không phải linh kiện điện tử; thông số board thickness trong file PCB là 1,6 mm.
A8: 3 | B8: Tùy kiện | C8: Thanh header đực 1×13, P2.54 | D8: 2 thanh 13 chân; chỉ cần nếu module nRF52840 chưa có chân hàn sẵn | E8: 2 | F8: ='Tổng quan'!$B$1 -> 1 | G8: Không | H8: =IF(G8="Có",E8*F8,0) -> 0 | J8: =IF(OR(G8<>"Có",I8=""),"",H8*I8) | M8: Không mua trùng nếu module đã gắn pin đực.
A9: 4 | B9: Tùy kiện | C9: Vít M3 | D9: Bộ vít M3 theo chiều dày vỏ/spacer thực tế | E9: 4 | F9: ='Tổng quan'!$B$1 -> 1 | G9: Không | H9: =IF(G9="Có",E9*F9,0) -> 0 | J9: =IF(OR(G9<>"Có",I9=""),"",H9*I9) | M9: Lắp vào H1-H4, lỗ khoan 3,2 mm; cần chọn chiều dài thực tế.
A10: 5 | B10: Tùy kiện | C10: Đai ốc M3 | D10: Đai ốc M3 (nếu không có ren âm / insert) | E10: 4 | F10: ='Tổng quan'!$B$1 -> 1 | G10: Không | H10: =IF(G10="Có",E10*F10,0) -> 0 | J10: =IF(OR(G10<>"Có",I10=""),"",H10*I10) | M10: Cân nhắc cơ cấu bắt vào vỏ.
A11: 6 | B11: Tùy kiện | C11: Long đền M3 | D11: Đệm M3 nếu cần tránh tác động lên PCB | E11: 4 | F11: ='Tổng quan'!$B$1 -> 1 | G11: Không | H11: =IF(G11="Có",E11*F11,0) -> 0 | J11: =IF(OR(G11<>"Có",I11=""),"",H11*I11) | M11: Kiểm tra đường kính ngoài đệm không chạm đường đồng/linh kiện.
A12: 7 | B12: Tùy kiện | C12: Spacer M3 | D12: Trụ cách M3, chiều cao theo vỏ/mặt bo | E12: 4 | F12: ='Tổng quan'!$B$1 -> 1 | G12: Không | H12: =IF(G12="Có",E12*F12,0) -> 0 | J12: =IF(OR(G12<>"Có",I12=""),"",H12*I12) | M12: Không chọn chiều cao cho đến khi có thiết kế vỏ.
A13: 8 | B13: Tùy kiện | C13: Vỏ / in 3D | D13: Vỏ bảo vệ remote nRF52840, thiết kế theo kích thước PCB | E13: 1 | F13: ='Tổng quan'!$B$1 -> 1 | G13: Không | H13: =IF(G13="Có",E13*F13,0) -> 0 | J13: =IF(OR(G13<>"Có",I13=""),"",H13*I13) | M13: Không có bản vẽ cơ khí vỏ trong dự án KiCad hiện tại.
C15: TỔNG VẬT TƯ CHỌN MUA | H15: =SUM(H7:H13) -> 1 | J15: =SUM(J7:J13) -> 0

Sheet Chi tiết PCB
A1: DANH SÁCH 32 FOOTPRINT - ĐỐI CHIẾU
A3: Nguồn dữ liệu: file .kicad_pcb đối chiếu .kicad_sch. H1-H4: board-only, không đếm làm linh kiện mua.
A6: Reference | B6: Giá trị (Sch) | C6: Giá trị (PCB) | D6: KiCad symbol | E6: Footprint (trong PCB) | F6: Pads | G6: Mặt PCB | H6: Có trong Schematic? | I6: Là linh kiện BOM? | J6: Giá trị / FP trùng Sch? | K6: Ghi chú
A7: BT1 | B7: Battery_Cell | C7: Battery_Cell | D7: Device:Battery_Cell | E7: Battery:Battery_Panasonic_CR2032-HFN_Horizontal_CircularHoles | F7: 2 | G7: F.Cu | H7: Có | I7: Có | J7: Khớp | K7: CR2032-HFN hàn trực tiếp, không phải đế pin.
A8: C1 | B8: 10uF | C8: 10uF | D8: Device:C_Polarized | E8: Capacitor_THT:CP_Radial_D4.0mm_P2.00mm | F8: 2 | G8: F.Cu | H8: Có | I8: Có | J8: Khớp
A9: C2 | B9: 10uF | C9: 10uF | D9: Device:C_Polarized | E9: Capacitor_THT:CP_Radial_D4.0mm_P2.00mm | F9: 2 | G9: F.Cu | H9: Có | I9: Có | J9: Khớp
A10: C3 | B10: 1uF | C10: 1uF | D10: Device:C_Polarized | E10: Capacitor_THT:CP_Radial_D5.0mm_P2.00mm | F10: 2 | G10: F.Cu | H10: Có | I10: Có | J10: Khớp
A11: C4 | B11: 1uF | C11: 1uF | D11: Device:C_Polarized | E11: Capacitor_THT:CP_Radial_D5.0mm_P2.00mm | F11: 2 | G11: F.Cu | H11: Có | I11: Có | J11: Khớp
A12: C5 | B12: 1uF | C12: 1uF | D12: Device:C_Polarized | E12: Capacitor_THT:CP_Radial_D5.0mm_P2.00mm | F12: 2 | G12: F.Cu | H12: Có | I12: Có | J12: Khớp
A13: C6 | B13: 1uF | C13: 1uF | D13: Device:C_Polarized | E13: Capacitor_THT:CP_Radial_D5.0mm_P2.00mm | F13: 2 | G13: F.Cu | H13: Có | I13: Có | J13: Khớp
A14: C7 | B14: 1uF | C14: 1uF | D14: Device:C_Polarized | E14: Capacitor_THT:CP_Radial_D5.0mm_P2.00mm | F14: 2 | G14: F.Cu | H14: Có | I14: Có | J14: Khớp
A15: D1 | B15: LED | C15: LED | D15: Device:LED | E15: LED_THT:LED_D5.0mm | F15: 2 | G15: F.Cu | H15: Có | I15: Có | J15: Khớp
A16: D2 | B16: LED | C16: LED | D16: Device:LED | E16: LED_THT:LED_D5.0mm | F16: 2 | G16: F.Cu | H16: Có | I16: Có | J16: Khớp
A17: D3 | B17: LED | C17: LED | D17: Device:LED | E17: LED_THT:LED_D5.0mm | F17: 2 | G17: F.Cu | H17: Có | I17: Có | J17: Khớp
A18: H1 | C18: MountingHole_3.2mm_M3 | D18: (PCB only) | E18: MountingHole:MountingHole_3.2mm_M3 | F18: 1 | G18: F.Cu | H18: Không | I18: Không | J18: Chỉ có trên PCB | K18: Lỗ cơ khí 3,2 mm cho vít M3; không cần mua footprint. Board-only / exclude_from_bom.
A19: H2 | C19: MountingHole_3.2mm_M3 | D19: (PCB only) | E19: MountingHole:MountingHole_3.2mm_M3 | F19: 1 | G19: F.Cu | H19: Không | I19: Không | J19: Chỉ có trên PCB | K19: Lỗ cơ khí 3,2 mm cho vít M3; không cần mua footprint. Board-only / exclude_from_bom.
A20: H3 | C20: MountingHole_3.2mm_M3 | D20: (PCB only) | E20: MountingHole:MountingHole_3.2mm_M3 | F20: 1 | G20: F.Cu | H20: Không | I20: Không | J20: Chỉ có trên PCB | K20: Lỗ cơ khí 3,2 mm cho vít M3; không cần mua footprint. Board-only / exclude_from_bom.
A21: H4 | C21: MountingHole_3.2mm_M3 | D21: (PCB only) | E21: MountingHole:MountingHole_3.2mm_M3 | F21: 1 | G21: F.Cu | H21: Không | I21: Không | J21: Chỉ có trên PCB | K21: Lỗ cơ khí 3,2 mm cho vít M3; không cần mua footprint. Board-only / exclude_from_bom.
A22: J1 | B22: NRF_LEFT | C22: NRF_LEFT | D22: Connector:Conn_01x13_Socket | E22: Connector_PinSocket_2.54mm:PinSocket_1x13_P2.54mm_Vertical | F22: 13 | G22: B.Cu | H22: Có | I22: Có | J22: Khớp | K22: Socket được đặt ở mặt B.Cu; kiểm tra hướng lắp.
A23: J2 | B23: NRF_RIGHT | C23: NRF_RIGHT | D23: Connector:Conn_01x13_Socket | E23: Connector_PinSocket_2.54mm:PinSocket_1x13_P2.54mm_Vertical | F23: 13 | G23: B.Cu | H23: Có | I23: Có | J23: Khớp | K23: Socket được đặt ở mặt B.Cu; kiểm tra hướng lắp.
A24: R1 | B24: 10k | C24: 10k | D24: Device:R | E24: Resistor_THT:R_Axial_DIN0207_L6.3mm_D2.5mm_P7.62mm_Horizontal | F24: 2 | G24: F.Cu | H24: Có | I24: Có | J24: Khớp
A25: R2 | B25: 10k | C25: 10k | D25: Device:R | E25: Resistor_THT:R_Axial_DIN0207_L6.3mm_D2.5mm_P7.62mm_Horizontal | F25: 2 | G25: F.Cu | H25: Có | I25: Có | J25: Khớp
A26: R3 | B26: 10k | C26: 10k | D26: Device:R | E26: Resistor_THT:R_Axial_DIN0207_L6.3mm_D2.5mm_P7.62mm_Horizontal | F26: 2 | G26: F.Cu | H26: Có | I26: Có | J26: Khớp
A27: R4 | B27: 10k | C27: 10k | D27: Device:R | E27: Resistor_THT:R_Axial_DIN0207_L6.3mm_D2.5mm_P7.62mm_Horizontal | F27: 2 | G27: F.Cu | H27: Có | I27: Có | J27: Khớp
A28: R5 | B28: 10k | C28: 10k | D28: Device:R | E28: Resistor_THT:R_Axial_DIN0207_L6.3mm_D2.5mm_P7.62mm_Horizontal | F28: 2 | G28: F.Cu | H28: Có | I28: Có | J28: Khớp
A29: R6 | B29: 330 | C29: 330 | D29: Device:R | E29: Resistor_THT:R_Axial_DIN0207_L6.3mm_D2.5mm_P7.62mm_Horizontal | F29: 2 | G29: F.Cu | H29: Có | I29: Có | J29: Khớp
A30: R7 | B30: 330 | C30: 330 | D30: Device:R | E30: Resistor_THT:R_Axial_DIN0207_L6.3mm_D2.5mm_P7.62mm_Horizontal | F30: 2 | G30: F.Cu | H30: Có | I30: Có | J30: Khớp
A31: R8 | B31: 330 | C31: 330 | D31: Device:R | E31: Resistor_THT:R_Axial_DIN0207_L6.3mm_D2.5mm_P7.62mm_Horizontal | F31: 2 | G31: F.Cu | H31: Có | I31: Có | J31: Khớp
A32: SW1 | B32: ANSWER_A | C32: ANSWER_A | D32: Switch:SW_Push | E32: Button_Switch_THT:SW_PUSH_6mm_H4.3mm | F32: 4 | G32: F.Cu | H32: Có | I32: Có | J32: Khớp
A33: SW2 | B33: ANSWER_B | C33: ANSWER_B | D33: Switch:SW_Push | E33: Button_Switch_THT:SW_PUSH_6mm_H4.3mm | F33: 4 | G33: F.Cu | H33: Có | I33: Có | J33: Khớp
A34: SW3 | B34: ANSWER_C | C34: ANSWER_C | D34: Switch:SW_Push | E34: Button_Switch_THT:SW_PUSH_6mm_H4.3mm | F34: 4 | G34: F.Cu | H34: Có | I34: Có | J34: Khớp
A35: SW4 | B35: ANSWER_D | C35: ANSWER_D | D35: Switch:SW_Push | E35: Button_Switch_THT:SW_PUSH_6mm_H4.3mm | F35: 4 | G35: F.Cu | H35: Có | I35: Có | J35: Khớp
A36: SW5 | B36: SUBMIT | C36: SUBMIT | D36: Switch:SW_Push | E36: Button_Switch_THT:SW_PUSH_6mm_H4.3mm | F36: 4 | G36: F.Cu | H36: Có | I36: Có | J36: Khớp
A37: SW6 | B37: POWER | C37: POWER | D37: Switch:SW_SPST | E37: SW_SS12D10_SPDT:SS12D10_SPDT_v1 | F37: 3 | G37: F.Cu | H37: Có | I37: Có | J37: Khớp | K37: Công tắc footprint tùy biến; đo kích thước thật.
A38: SW7 | B38: RESET | C38: RESET | D38: Switch:SW_Push | E38: Button_Switch_THT:SW_PUSH_6mm_H4.3mm | F38: 4 | G38: F.Cu | H38: Có | I38: Có | J38: Khớp

Sheet Lưu ý
A1: CHECKLIST TRƯỚC KHI ĐẶT MUA
A3: Những rủi ro có thể ảnh hưởng đến việc mua đúng hàng và lắp ráp được PCB.
A6: Hạng mục | B6: Thông tin phát hiện | C6: Việc phải kiểm tra / thao tác | D6: Mức độ | E6: Nguồn
A7: NGUỒN / PIN | B7: BT1 đang dùng Battery:Battery_Panasonic_CR2032-HFN_Horizontal_CircularHoles. | C7: Phải dùng pin CR2032 có tab chân hàn dạng HFN đúng bước chân/không gian; nếu thay bằng đế pin CR2032 thông thường cần sửa footprint và layout. | D7: Rất quan trọng | E7: https://gitlab.com/kicad/libraries/kicad-footprints/-/blob/master/Battery.pretty/Battery_Panasonic_CR2032-HFN_Horizontal_CircularHoles.kicad_mod
A8: AN TOÀN PIN | B8: CR2032 là pin lithium sơ cấp danh định 3 V, không thể sạc. | C8: Kiểm tra đường mạch module và chân cấp nguồn thực tế; tuyệt đối không nối đường sạc vào pin CR2032. | D8: Rất quan trọng | E8: https://energy.panasonic.com/dam/master/pdf/en/datasheet/lithium/CR2032_Datasheet_EN_240701.pdf
A9: MÓC NỐI / MODULE | B9: J1 và J2 là hai socket 13 chân 2.54 mm, đặt trên B.Cu. | C9: Đối chiếu sơ đồ chân, chiều rộng 2 hàng và mặt lắp nRF52840 SuperMini; chân đực module phải tương thích socket cái mặt dưới. | D9: Rất quan trọng | E9: https://kicad.github.io/footprints/Connector_PinSocket_2.54mm.html
A10: CÔNG TẮC | B10: SW6 có footprint tùy biến SW_SS12D10_SPDT:SS12D10_SPDT_v1. | C10: Theo file .kicad_mod: 3 tâm chân ở x = -4,7; 0; +4,7 mm, 1mm drill. Không mua switch chỉ dựa tên SS12D10. | D10: Rất quan trọng | E10: Nguồn nội bộ: SW_SS12D10_SPDT.pretty/SS12D10_SPDT_v1.kicad_mod
A11: TỤ PHÂN CỰC | B11: C1-C7 đều dùng symbol Device:C_Polarized. | C11: C1-C2: 10 µF, D4mm P2mm; C3-C7: 1 µF, D5mm P2mm. Chưa có điện áp định mức, chiều cao hay MPN. | D11: Cần kiểm tra | E11: Nguồn nội bộ: .kicad_sch và .kicad_pcb
A12: TỤ CHỐNG DỘI | B12: C3-C7 dùng tụ phân cực tại các mạch nút nhấn theo giá trị 1 µF. | C12: Kiểm tra cực tính theo mức áp từng chân trong tất cả trạng thái, phù hợp thời gian debounce; tụ không phân cực có thể cần footprint khác. | D12: Cần kiểm tra | E12: Nguồn nội bộ: .kicad_sch
A13: LED | B13: D1-D3 chỉ khai báo giá trị LED, không ghi màu hoặc mã. | C13: Chọn LED 5 mm cùng chân THT; xác nhận màu/độ sáng/Vf/If để kiểm tra điện trở 330 Ω. | D13: Cần kiểm tra | E13: Nguồn nội bộ: .kicad_sch
A14: ĐIỆN TRỞ | B14: R1-R5: 10 kΩ; R6-R8: 330 Ω; footprint DIN0207 L6.3×D2.5 P7.62. | C14: Chọn linh kiện 1/4 W hoặc tương đương có kích thước thân/chân tương thích. Trị số chịu sai số chưa chỉ định. | D14: Cần kiểm tra | E14: Nguồn nội bộ: .kicad_pcb
A15: NÚT NHẤN | B15: SW1-SW5 và SW7 có footprint SW_PUSH_6mm_H4.3mm. | C15: Mua nút nhấn THT 6×6 mm đúng vị trí 4 chân; kiểm tra chiều cao lộ ra khỏi vỏ. | D15: Cần kiểm tra | E15: Nguồn nội bộ: .kicad_pcb
A16: LỖ CƠ KHÍ | B16: H1-H4 là lỗ M3, pad 3,2 mm, thuộc tính board_only và exclude_from_bom. | C16: Không mua một linh kiện tên H1. Mua ốc M3 và spacer chỉ khi cấu trúc vỏ yêu cầu; kiểm tra vùng trống quanh đầu vít. | D16: Thông tin | E16: Nguồn nội bộ: .kicad_pcb
A17: BOM & DỮ LIỆU | B17: Không có MPN/SKU, supplier, unit price và datasheet linh kiện cụ thể trong Schematic. | C17: Vì thế file này để trống các trường mua hàng để tránh giả định sai. Sau khi chọn mẫu thật, lưu datasheet/link vào Excel. | D17: Cần bổ sung | E17: Nguồn nội bộ: .kicad_sch
A18: DRC / ERC | B18: BOM không chứng minh PCB đúng điện hoặc phù hợp để chế tạo. | C18: Kiểm tra ERC, DRC, polarity, 3D cơ khí, output Gerber/drill; BOM chỉ xác minh số lượng và footprint. | D18: Thông tin | E18: Nguồn nội bộ: .kicad_pcb/.kicad_sch

Sheet Nguồn dữ liệu
A1: NGUỒN & PHƯƠNG PHÁP TRÍCH XUẤT
A3: Thông tin | B3: Giá trị / mô tả
A4: Tên dự án | B4: NRF52840_Quiz_Remote
A5: Nguồn schematic | B5: NRF52840_Quiz_Remote/NRF52840_Quiz_Remote.kicad_sch
A6: Nguồn PCB | B6: NRF52840_Quiz_Remote/NRF52840_Quiz_Remote.kicad_pcb
A7: SHA256 schematic | B7: 02c77d5245ab06772fbb29b13a0cc0347ea4944395376ec3a9d2d5b3516fb469
A8: SHA256 PCB | B8: bcae5cba2324009f77dd3607b17fb2695f55706239005fb1716ed6d1a14543d0
A9: KiCad PCB version | B9: 10.0 (ghi trong file PCB)
A10: BOM PCB | B10: Nhóm theo loại, trị số và footprint; 28 linh kiện, 9 dòng nhóm
A11: Lỗ M3 | B11: H1-H4: board only, excluded from standard BOM; nằm tại sheet CHI_TIET_PCB
A12: Giá, MPN, NCC | B12: Không có trong KiCad; được để trống để cập nhật theo báo giá thực tế
A13: Module nRF52840 | B13: Không có một footprint U1 rời trong PCB; được ghi thêm mục vật tư để có đủ vật liệu làm sản phẩm
A16: THAM KHẢO
A17: KiCad: footprint CR2032-HFN | B17: https://gitlab.com/kicad/libraries/kicad-footprints/-/blob/master/Battery.pretty/Battery_Panasonic_CR2032-HFN_Horizontal_CircularHoles.kicad_mod
A18: Panasonic: CR2032 datasheet | B18: https://energy.panasonic.com/dam/master/pdf/en/datasheet/lithium/CR2032_Datasheet_EN_240701.pdf
A19: KiCad: footprint socket 2.54mm | B19: https://kicad.github.io/footprints/Connector_PinSocket_2.54mm.html
